,customer_id,first_name,last_name,country
0,5002.0,Frank,Garcia,Germany
1,5002.0,Jack,Davis,France
2,5003.0,Jack,Miller,UK
3,5004.0,Ivy,Wilson,USA
4,5005.0,Alice,Brown,USA
5,5006.0,Eva,Smith,Australia
6,5007.0,David,Garcia,USA
7,5008.0,Helen,Davis,USA
8,5009.0,Alice,Davis,UK
9,5010.0,Ivy,Williams,Mexico
10,5011.0,Frank,Brown,Germany
11,5012.0,David,Martinez,Germany
12,5013.0,Ivy,Wilson,Canada
13,5014.0,Eva,Miller,USA
14,5015.0,Eva,Jones,UK
15,5016.0,Eva,Williams,Germany
16,5017.0,Alice,Wilson,UK
17,5018.0,Alice,Jones,India
18,5019.0,Helen,Jones,Mexico
19,5020.0,Helen,Brown,USA
20,5021.0,Frank,Brown,Canada
21,5022.0,David,Smith,Australia
22,5023.0,Bob,Davis,Germany
23,5024.0,Bob,Wilson,India
24,5025.0,Ivy,Williams,UK
25,5026.0,Eva,Johnson,Spain
26,5027.0,David,Williams,Brazil
27,5028.0,Jack,Smith,USA
28,5029.0,Alice,Miller,USA
29,5030.0,Grace,Davis,India
30,5031.0,Charlie,Johnson,UK
31,5032.0,Frank,Garcia,France
32,5033.0,Eva,Miller,USA
33,5034.0,Eva,Brown,France
34,5035.0,Eva,Jones,Spain
35,5036.0,Alice,Garcia,India
36,5037.0,Alice,Williams,UK
37,5038.0,Charlie,Williams,UK
38,5039.0,Jack,Brown,Mexico
39,5040.0,David,Smith,Brazil
40,5041.0,Eva,Wilson,Germany
41,5042.0,Bob,Garcia,Germany
42,5043.0,Helen,Garcia,Australia
43,5044.0,Bob,Martinez,Canada
44,5045.0,Ivy,Miller,India
45,5046.0,Bob,Davis,Spain
46,5047.0,Ivy,Miller,UK
47,5048.0,Grace,Wilson,Brazil
48,5049.0,Helen,Williams,France
49,5050.0,Bob,Williams,India
50,5051.0,Grace,Williams,12345
51,5052.0,Frank,Martinez,India
52,5053.0,David,Williams,Australia
53,5054.0,Grace,Wilson,UK
54,5055.0,David,Brown,Canada
55,5056.0,Bob,Davis,Australia
56,5057.0,Jack,Wilson,UK
57,5058.0,Grace,Davis,UK
58,5059.0,Helen,Wilson,Canada
59,5060.0,Bob,Williams,Germany
60,5061.0,Eva,Brown,India
61,5062.0,Alice,Garcia,USA
62,5063.0,Grace,Miller,USA
63,5064.0,Helen,Jones,France
64,5065.0,Frank,Brown,France
65,5066.0,Eva,Garcia,USA
66,5067.0,Frank,Smith,Spain
67,5068.0,Bob,Wilson,USA
68,5069.0,Alice,Smith,France
69,5070.0,Grace,Garcia,Brazil
70,5071.0,Grace,Brown,France
71,5072.0,Jack,Wilson,Spain
72,5073.0,Jack,Jones,India
73,5074.0,Bob,Williams,USA
74,5075.0,Bob,Wilson,Canada
75,5076.0,Alice,Wilson,Brazil
76,5077.0,Jack,Brown,UK
77,5078.0,Helen,Brown,Spain
78,5079.0,Helen,Garcia,France
79,5080.0,Alice,Johnson,Canada
80,5081.0,Helen,Wilson,Australia
81,5082.0,Ivy,Miller,Germany
82,5083.0,David,Wilson,USA
83,5084.0,Alice,Garcia,Germany
84,5085.0,Alice,Davis,Spain
85,5086.0,Charlie,Smith,Australia
86,5087.0,Eva,Williams,Australia
87,5088.0,Eva,Johnson,Australia
88,5089.0,Ivy,Jones,UK
89,5090.0,Jack,Jones,Spain
90,5091.0,Bob,Jones,India
91,5092.0,Bob,Brown,Germany
92,5093.0,Frank,Jones,India
93,5094.0,Ivy,Williams,Canada
94,5095.0,Alice,Smith,Mexico
95,5096.0,Ivy,Jones,Brazil
96,5097.0,Ivy,Wilson,Brazil
97,5098.0,Ivy,Wilson,India
98,5099.0,Eva,Brown,Mexico
99,5100.0,Ivy,Williams,Mexico
100,5101.0,David,Smith,USA
101,5102.0,Bob,Johnson,Canada
102,5103.0,Frank,Garcia,Spain
103,5104.0,David,Smith,Mexico
104,5105.0,Frank,Garcia,France
105,5106.0,Charlie,Davis,Brazil
106,5107.0,Frank,Garcia,France
107,5108.0,Bob,Miller,Canada
108,5109.0,Bob,Wilson,Mexico
109,5110.0,Ivy,Williams,Germany
110,5111.0,Grace,Martinez,Brazil
111,5112.0,Charlie,Brown,USA
112,5113.0,Alice,Miller,USA
113,5114.0,Helen,Garcia,Australia
114,5115.0,Frank,Jones,UK
115,5116.0,Grace,Williams,Mexico
116,5117.0,Ivy,Miller,Canada
117,5118.0,Eva,Brown,Brazil
118,5119.0,Alice,Wilson,UK
119,5120.0,Jack,Williams,Canada
120,5122.0,Grace,Brown,India
121,5122.0,Eva,Davis,Mexico
122,5123.0,Charlie,Davis,Spain
123,5124.0,Ivy,Brown,Spain
124,5125.0,Alice,Miller,Mexico
125,5126.0,Alice,Williams,Australia
126,5127.0,Alice,Miller,Australia
127,5128.0,Charlie,Johnson,Spain
128,5129.0,Frank,Garcia,Germany
129,5130.0,Jack,Johnson,Brazil
130,5131.0,Charlie,Davis,Spain
131,5132.0,Helen,Wilson,Germany
132,5133.0,Jack,Smith,UK
133,5134.0,Bob,Garcia,Germany
134,5135.0,Ivy,Davis,UK
135,5136.0,Charlie,Miller,Canada
136,5137.0,Eva,Miller,France
137,5138.0,Jack,Miller,Canada
138,5139.0,Helen,Wilson,Spain
139,5140.0,Bob,Johnson,UK
140,5141.0,Frank,Smith,Spain
141,5142.0,Eva,Miller,Mexico
142,5143.0,Jack,Martinez,Brazil
143,5144.0,Ivy,Garcia,USA
144,5145.0,Eva,Williams,Spain
145,5146.0,Bob,Martinez,Brazil
146,5147.0,Eva,Smith,Germany
147,5148.0,David,Wilson,Canada
148,5149.0,Grace,Smith,Germany
149,5150.0,Frank,Williams,USA
150,5151.0,Bob,Garcia,UK
151,5152.0,Eva,Williams,Mexico
152,5153.0,Grace,Brown,Brazil
153,5154.0,Grace,Garcia,Mexico
154,5155.0,Eva,Smith,France
155,5156.0,Ivy,Miller,Spain
156,5157.0,David,Smith,UK
157,5158.0,Charlie,Smith,France
158,5159.0,David,Garcia,India
159,5160.0,Eva,Brown,Spain
160,5161.0,Frank,Smith,Germany
161,5162.0,Charlie,Martinez,Canada
162,5163.0,Bob,Davis,Brazil
163,5164.0,David,Jones,USA
164,5165.0,Eva,Jones,USA
165,5166.0,David,Smith,Germany
166,5167.0,Charlie,Martinez,Australia
167,5168.0,Helen,Miller,USA
168,5169.0,Jack,Wilson,Brazil
169,5170.0,David,Wilson,Germany
170,5171.0,Bob,Garcia,12345
171,5172.0,Bob,Jones,USA
172,5173.0,Alice,Smith,Mexico
173,5174.0,David,Wilson,Germany
174,5175.0,Jack,Smith,Brazil
175,5176.0,Ivy,Garcia,Mexico
176,5177.0,Grace,Jones,Spain
177,5178.0,Jack,Williams,Spain
178,5179.0,Grace,Davis,USA
179,5180.0,Grace,Davis,Mexico
180,5181.0,Helen,Wilson,Canada
181,5182.0,Alice,Davis,Spain
182,5183.0,Jack,Williams,Canada
183,5184.0,Jack,Smith,UK
184,5185.0,Helen,Garcia,Germany
185,5186.0,David,Williams,France
186,5187.0,David,Garcia,Brazil
187,5188.0,David,Garcia,Germany
188,5189.0,Frank,Jones,Brazil
189,5190.0,Grace,Smith,Mexico
190,5191.0,Frank,Martinez,UK
191,5192.0,Alice,Davis,India
192,5193.0,Helen,Martinez,USA
193,5194.0,Jack,Jones,Brazil
194,5195.0,Grace,Garcia,Brazil
195,5196.0,Frank,Wilson,Mexico
196,5197.0,Frank,Davis,Canada
197,5198.0,Eva,Davis,Germany
198,5199.0,Frank,Smith,India
199,5200.0,Ivy,Brown,Australia
200,5201.0,Jack,Johnson,USA
201,5202.0,Ivy,Johnson,France
202,5203.0,Jack,Johnson,Australia
203,5204.0,Helen,Brown,Germany
204,5205.0,Jack,Smith,USA
205,5206.0,Ivy,Brown,Brazil
206,5207.0,Jack,Johnson,France
207,5208.0,Helen,Jones,Canada
208,5209.0,Helen,Williams,India
209,5210.0,Alice,Garcia,Canada
210,5211.0,Jack,Brown,UK
211,5212.0,Eva,Smith,Mexico
212,5213.0,David,Smith,USA
213,5214.0,Bob,Martinez,Canada
214,5215.0,Helen,Williams,Australia
215,5216.0,Charlie,Wilson,Mexico
216,5217.0,David,Davis,Canada
217,5218.0,Grace,Johnson,Spain
218,5219.0,Jack,Wilson,UK
219,5220.0,Ivy,Martinez,Germany
220,5221.0,Bob,Johnson,India
221,5222.0,Charlie,Williams,UK
222,5223.0,David,Martinez,Mexico
223,5224.0,Jack,Johnson,Spain
224,5225.0,Alice,Williams,USA
225,5226.0,Grace,Miller,Australia
226,5227.0,Bob,Wilson,India
227,5228.0,Eva,Wilson,India
228,5229.0,Alice,Davis,UK
229,5230.0,Charlie,Williams,Mexico
230,5231.0,Bob,Brown,USA
231,5232.0,Alice,Miller,Brazil
232,5233.0,Grace,Jones,Spain
233,5234.0,Eva,Johnson,Brazil
234,5235.0,Alice,Miller,Australia
235,5236.0,Frank,Williams,USA
236,5237.0,Eva,Garcia,USA
237,5238.0,Charlie,Johnson,Spain
238,5239.0,Grace,Smith,France
239,5240.0,Jack,Wilson,Brazil
240,5242.0,Ivy,Williams,Canada
241,5242.0,Ivy,Smith,India
242,5243.0,Ivy,Davis,France
243,5244.0,Bob,Martinez,Canada
244,5245.0,Charlie,Jones,Mexico
245,5246.0,Grace,Jones,Spain
246,5247.0,Eva,Smith,Mexico
247,5248.0,Bob,Wilson,India
248,5249.0,Charlie,Davis,Germany
249,5250.0,Jack,Garcia,Canada
250,5251.0,Frank,Wilson,France
251,5252.0,Grace,Miller,Canada
252,5253.0,Ivy,Jones,Canada
253,5254.0,Alice,Miller,Spain
254,5255.0,Grace,Johnson,Mexico
255,5256.0,Helen,Brown,Brazil
256,5257.0,Charlie,Williams,Germany
257,5258.0,David,Davis,Spain
258,5259.0,Jack,Wilson,Australia
259,5260.0,Frank,Jones,Spain
260,5261.0,Jack,Miller,India
261,5262.0,Grace,Martinez,Germany
262,5263.0,David,Johnson,USA
263,5264.0,Helen,Williams,Australia
264,5265.0,Eva,Williams,UK
265,5266.0,Alice,Wilson,Spain
266,5267.0,David,Davis,Canada
267,5268.0,Charlie,Garcia,Brazil
268,5269.0,Ivy,Martinez,USA
269,5270.0,Helen,Wilson,Spain
270,5271.0,Alice,Miller,Spain
271,5272.0,Frank,Brown,France
272,5273.0,Ivy,Smith,France
273,5274.0,Grace,Garcia,USA
274,5275.0,David,Davis,Mexico
275,5276.0,Alice,Johnson,France
276,5277.0,Bob,Garcia,Canada
277,5278.0,Eva,Jones,Australia
278,5279.0,Eva,Davis,UK
279,5280.0,Helen,Brown,Germany
280,5281.0,Frank,Jones,UK
281,5282.0,Helen,Garcia,UK
282,5283.0,Bob,Smith,Germany
283,5284.0,Charlie,Smith,France
284,5285.0,Frank,Brown,USA
285,5286.0,Jack,Williams,Germany
286,5287.0,Charlie,Martinez,India
287,5288.0,Frank,Johnson,Mexico
288,5289.0,Frank,Williams,Australia
289,5290.0,Bob,Smith,Brazil
290,5291.0,Grace,Smith,12345
291,5292.0,Bob,Miller,Mexico
292,5293.0,Frank,Jones,Germany
293,5294.0,Alice,Garcia,India
294,5295.0,Charlie,Johnson,Brazil
295,5296.0,Bob,Brown,Australia
296,5297.0,Grace,Garcia,Australia
297,5298.0,David,Miller,France
298,5299.0,Helen,Smith,Germany
299,5300.0,Frank,Brown,Mexico
300,5301.0,Jack,Smith,USA
301,5302.0,David,Johnson,Mexico
302,5303.0,Eva,Jones,Mexico
303,5304.0,Ivy,Garcia,Australia
304,5305.0,Grace,Garcia,USA
305,5306.0,Jack,Williams,USA
306,5307.0,Ivy,Brown,France
307,5308.0,Grace,Martinez,Brazil
308,5309.0,Alice,Miller,Spain
309,5310.0,Helen,Martinez,UK
310,5311.0,David,Williams,UK
311,5312.0,Charlie,Johnson,Australia
312,5313.0,Grace,Miller,Spain
313,5314.0,Charlie,Jones,Brazil
314,5315.0,Helen,Martinez,Spain
315,5316.0,Frank,Jones,France
316,5317.0,Eva,Martinez,Mexico
317,5318.0,David,Jones,Australia
318,5319.0,Helen,Martinez,USA
319,5320.0,Helen,Jones,Australia
320,5321.0,Alice,Williams,UK
321,5322.0,Ivy,Davis,Brazil
322,5323.0,Eva,Miller,Spain
323,5324.0,David,Brown,Brazil
324,5325.0,Frank,Johnson,France
325,5326.0,Frank,Wilson,Australia
326,5327.0,Bob,Smith,Germany
327,5328.0,Helen,Brown,Australia
328,5329.0,Grace,Smith,USA
329,5330.0,Alice,Miller,Australia
330,5331.0,Eva,Brown,India
331,5332.0,Frank,Jones,France
332,5333.0,David,Jones,Canada
333,5334.0,Bob,Wilson,France
334,5335.0,David,Smith,Spain
335,5336.0,Alice,Johnson,Canada
336,5337.0,Grace,Miller,Spain
337,5338.0,Bob,Jones,Spain
338,5339.0,Bob,Davis,USA
339,5340.0,Ivy,Williams,USA
340,5341.0,Eva,Williams,Mexico
341,5342.0,Bob,Martinez,UK
342,5343.0,Ivy,Johnson,Mexico
343,5344.0,Ivy,Williams,Mexico
344,5345.0,Alice,Martinez,UK
345,5346.0,Charlie,Smith,Germany
346,5347.0,David,Jones,Canada
347,5348.0,Grace,Jones,Brazil
348,5349.0,Jack,Davis,Mexico
349,5350.0,David,Brown,Australia
350,5351.0,Bob,Williams,Australia
351,5352.0,Grace,Smith,Spain
352,5353.0,Frank,Garcia,UK
353,5354.0,Charlie,Williams,Spain
354,5355.0,Frank,Johnson,India
355,5356.0,Frank,Brown,India
356,5357.0,Eva,Williams,Brazil
357,5358.0,David,Smith,USA
358,5359.0,Jack,Williams,USA
359,5360.0,Alice,Johnson,UK
360,5362.0,Jack,Garcia,UK
361,5362.0,Frank,Miller,Mexico
362,5363.0,Bob,Wilson,India
363,5364.0,Charlie,Garcia,Mexico
364,5365.0,Helen,Martinez,USA
365,5366.0,Jack,Williams,Canada
366,5367.0,Frank,Jones,Canada
367,5368.0,Charlie,Davis,UK
368,5369.0,Grace,Jones,Spain
369,5370.0,David,Garcia,USA
370,5371.0,Ivy,Jones,Canada
371,5372.0,Eva,Smith,USA
372,5373.0,Charlie,Jones,France
373,5374.0,Bob,Brown,Australia
374,5375.0,Bob,Miller,India
375,5376.0,Charlie,Williams,Mexico
376,5377.0,Bob,Jones,USA
377,5378.0,David,Johnson,Australia
378,5379.0,Bob,Miller,France
379,5380.0,Jack,Miller,Mexico
380,5381.0,Ivy,Jones,USA
381,5382.0,Bob,Miller,UK
382,5383.0,Ivy,Davis,Australia
383,5384.0,Frank,Jones,Mexico
384,5385.0,Alice,Smith,USA
385,5386.0,David,Garcia,Australia
386,5387.0,Alice,Brown,France
387,5388.0,Frank,Wilson,USA
388,5389.0,David,Martinez,USA
389,5390.0,Charlie,Miller,USA
390,5391.0,Charlie,Smith,Brazil
391,5392.0,Ivy,Williams,UK
392,5393.0,Frank,Williams,France
393,5394.0,Ivy,Martinez,Mexico
394,5395.0,Eva,Brown,Brazil
395,5396.0,Bob,Miller,Spain
396,5397.0,Helen,Davis,Brazil
397,5398.0,Eva,Martinez,India
398,5399.0,Bob,Brown,India
399,5400.0,David,Miller,USA
400,5401.0,Ivy,Smith,Brazil
401,5402.0,David,Garcia,Spain
402,5403.0,David,Davis,Brazil
403,5404.0,Bob,Wilson,UK
404,5405.0,Frank,Williams,UK
405,5406.0,Bob,Johnson,Spain
406,5407.0,Grace,Smith,Brazil
407,5408.0,Charlie,Williams,Australia
408,5409.0,Charlie,Jones,UK
409,5410.0,Eva,Johnson,UK
410,5411.0,Charlie,Williams,12345
411,5412.0,Bob,Brown,Brazil
412,5413.0,Jack,Davis,UK
413,5414.0,Ivy,Williams,France
414,5415.0,Bob,Wilson,Brazil
415,5416.0,Bob,Garcia,India
416,5417.0,Helen,Brown,Canada
417,5418.0,Ivy,Smith,UK
418,5419.0,Grace,Smith,Canada
419,5420.0,Charlie,Smith,India
420,5421.0,Ivy,Smith,Spain
421,5422.0,Charlie,Garcia,Spain
422,5423.0,Eva,Williams,Brazil
423,5424.0,Ivy,Miller,India
424,5425.0,Charlie,Williams,Germany
425,5426.0,Grace,Jones,Germany
426,5427.0,Alice,Davis,Brazil
427,5428.0,David,Johnson,USA
428,5429.0,David,Miller,Canada
429,5430.0,Grace,Miller,Canada
430,5431.0,Helen,Williams,Spain
431,5432.0,Alice,Miller,Germany
432,5433.0,Eva,Martinez,Mexico
433,5434.0,Grace,Martinez,UK
434,5435.0,David,Jones,UK
435,5436.0,David,Johnson,UK
436,5437.0,David,Wilson,Spain
437,5438.0,Frank,Garcia,India
438,5439.0,Grace,Williams,Australia
439,5440.0,Bob,Garcia,Germany
440,5441.0,Eva,Wilson,Germany
441,5442.0,David,Williams,Mexico
442,5443.0,Charlie,Williams,Canada
443,5444.0,Grace,Johnson,USA
444,5445.0,Frank,Garcia,Brazil
445,5446.0,Grace,Martinez,Canada
446,5447.0,Eva,Smith,India
447,5448.0,Frank,Garcia,Brazil
448,5449.0,Eva,Davis,Germany
449,5450.0,Grace,Davis,India
450,5451.0,Bob,Williams,Brazil
451,5452.0,Eva,Smith,Mexico
452,5453.0,Frank,Brown,Mexico
453,5454.0,Frank,Wilson,France
454,5455.0,Eva,Jones,Australia
455,5456.0,Jack,Smith,Mexico
456,5457.0,Grace,Jones,Germany
457,5458.0,Jack,Garcia,USA
458,5459.0,Helen,Garcia,UK
459,5460.0,Grace,Jones,France
460,5461.0,Eva,Wilson,UK
461,5462.0,Alice,Smith,Australia
462,5463.0,Eva,Brown,Brazil
463,5464.0,Jack,Williams,Spain
464,5465.0,Bob,Johnson,Mexico
465,5466.0,Eva,Garcia,USA
466,5467.0,Eva,Davis,Australia
467,5468.0,Bob,Wilson,UK
468,5469.0,Eva,Johnson,France
469,5470.0,David,Brown,Mexico
470,5471.0,Alice,Miller,Germany
471,5472.0,Charlie,Williams,Mexico
472,5473.0,Alice,Garcia,France
473,5474.0,Eva,Williams,France
474,5475.0,David,Johnson,Spain
475,5476.0,Grace,Williams,Mexico
476,5477.0,Eva,Miller,Mexico
477,5478.0,Jack,Johnson,Spain
478,5479.0,David,Garcia,India
479,5480.0,Bob,Smith,India
480,5482.0,David,Davis,Brazil
481,5482.0,Bob,Johnson,India
482,5483.0,Helen,Martinez,Canada
483,5484.0,Charlie,Miller,Mexico
484,5485.0,Ivy,Johnson,USA
485,5486.0,David,Johnson,Mexico
486,5487.0,Frank,Martinez,Canada
487,5488.0,Jack,Garcia,Canada
488,5489.0,Eva,Johnson,UK
489,5490.0,Jack,Davis,Mexico
490,5491.0,Alice,Williams,Australia
491,5492.0,Ivy,Garcia,Canada
492,5493.0,Alice,Davis,USA
493,5494.0,Helen,Garcia,Spain
494,5495.0,Ivy,Davis,Brazil
495,5496.0,Ivy,Miller,UK
496,5497.0,Alice,Davis,Spain
497,5498.0,Bob,Jones,UK
498,5499.0,Alice,Davis,USA
499,5500.0,Jack,Smith,France
500,5501.0,Bob,Smith,Mexico
501,5502.0,Jack,Wilson,Germany
502,5503.0,Helen,Jones,Australia
503,5504.0,Eva,Jones,Spain
504,5505.0,Grace,Williams,Mexico
505,5506.0,Bob,Jones,Australia
506,5507.0,Helen,Williams,France
507,5508.0,Frank,Wilson,Germany
508,5509.0,Helen,Wilson,Australia
509,5510.0,Alice,Miller,Australia
510,5511.0,Alice,Smith,Spain
511,5512.0,Grace,Davis,India
512,5513.0,Helen,Davis,Germany
513,5514.0,Charlie,Martinez,Mexico
514,5515.0,Eva,Martinez,France
515,5516.0,Alice,Brown,Germany
516,5517.0,Grace,Garcia,USA
517,5518.0,Eva,Miller,India
518,5519.0,Helen,Brown,USA
519,5520.0,Helen,Brown,France
520,5521.0,Ivy,Johnson,Spain
521,5522.0,Grace,Johnson,Spain
522,5523.0,Alice,Brown,France
523,5524.0,Charlie,Jones,UK
524,5525.0,Helen,Garcia,France
525,5526.0,Charlie,Miller,India
526,5527.0,Helen,Brown,Canada
527,5528.0,Alice,Davis,Spain
528,5529.0,Eva,Garcia,Brazil
529,5530.0,David,Johnson,India
530,5531.0,Eva,Davis,12345
531,5532.0,Helen,Johnson,India
532,5533.0,Jack,Johnson,Australia
533,5534.0,David,Garcia,India
534,5535.0,David,Johnson,Spain
535,5536.0,Charlie,Wilson,Canada
536,5537.0,Grace,Smith,Canada
537,5538.0,Charlie,Wilson,India
538,5539.0,Charlie,Smith,USA
539,5540.0,Jack,Martinez,Spain
540,5541.0,Eva,Martinez,Spain
541,5542.0,Eva,Johnson,Germany
542,5543.0,Frank,Miller,Mexico
543,5544.0,Helen,Miller,UK
544,5545.0,Jack,Smith,UK
545,5546.0,Frank,Davis,USA
546,5547.0,Alice,Garcia,UK
547,5548.0,Helen,Johnson,Germany
548,5549.0,Helen,Garcia,France
549,5550.0,Ivy,Wilson,UK
550,5551.0,Ivy,Miller,Spain
551,5552.0,Bob,Jones,France
552,5553.0,Bob,Wilson,UK
553,5554.0,Charlie,Wilson,Spain
554,5555.0,Alice,Smith,Spain
555,5556.0,David,Williams,India
556,5557.0,David,Wilson,Canada
557,5558.0,Ivy,Johnson,USA
558,5559.0,Ivy,Brown,Germany
559,5560.0,Ivy,Brown,Australia
560,5561.0,Jack,Johnson,Mexico
561,5562.0,Grace,Williams,UK
562,5563.0,Bob,Williams,UK
563,5564.0,Jack,Smith,France
564,5565.0,Eva,Miller,France
565,5566.0,David,Garcia,Mexico
566,5567.0,Helen,Williams,UK
567,5568.0,Bob,Jones,Brazil
568,5569.0,Frank,Smith,Germany
569,5570.0,Eva,Martinez,UK
570,5571.0,Bob,Davis,Canada
571,5572.0,Jack,Martinez,Mexico
572,5573.0,Alice,Smith,Brazil
573,5574.0,Helen,Wilson,Germany
574,5575.0,Bob,Garcia,UK
575,5576.0,Grace,Davis,Australia
576,5577.0,Ivy,Martinez,India
577,5578.0,Ivy,Davis,Canada
578,5579.0,Helen,Jones,Australia
579,5580.0,Jack,Jones,France
580,5581.0,Ivy,Jones,France
581,5582.0,Bob,Smith,UK
582,5583.0,Frank,Garcia,France
583,5584.0,David,Smith,Canada
584,5585.0,David,Brown,Germany
585,5586.0,Eva,Wilson,Spain
586,5587.0,Charlie,Wilson,USA
587,5588.0,Alice,Jones,Mexico
588,5589.0,Helen,Brown,Germany
589,5590.0,Eva,Williams,Spain
590,5591.0,Charlie,Williams,Brazil
591,5592.0,Jack,Jones,Canada
592,5593.0,Grace,Martinez,Australia
593,5594.0,Grace,Smith,Spain
594,5595.0,Alice,Jones,Canada
595,5596.0,Ivy,Miller,India
596,5597.0,Bob,Davis,Australia
597,5598.0,Eva,Wilson,France
598,5599.0,Eva,Williams,France
599,5600.0,Helen,Johnson,Australia
600,5602.0,Helen,Williams,Brazil
601,5602.0,Grace,Wilson,Brazil
602,5603.0,Grace,Davis,Brazil
603,5604.0,Frank,Wilson,Spain
604,5605.0,Frank,Johnson,Mexico
605,5606.0,Ivy,Jones,Spain
606,5607.0,Frank,Brown,UK
607,5608.0,Bob,Johnson,USA
608,5609.0,Bob,Wilson,Australia
609,5610.0,Eva,Wilson,Germany
610,5611.0,David,Miller,USA
611,5612.0,Bob,Miller,India
612,5613.0,Charlie,Garcia,Spain
613,5614.0,Grace,Miller,Spain
614,5615.0,Helen,Smith,Canada
615,5616.0,Frank,Brown,USA
616,5617.0,Eva,Davis,Canada
617,5618.0,Alice,Johnson,Germany
618,5619.0,Helen,Wilson,Canada
619,5620.0,Charlie,Garcia,USA
620,5621.0,Frank,Garcia,Australia
621,5622.0,Charlie,Davis,India
622,5623.0,Grace,Brown,Spain
623,5624.0,Grace,Johnson,Germany
624,5625.0,Ivy,Williams,Spain
625,5626.0,Eva,Miller,UK
626,5627.0,Helen,Jones,India
627,5628.0,Jack,Garcia,Mexico
628,5629.0,Jack,Miller,Canada
629,5630.0,Helen,Miller,France
630,5631.0,Alice,Smith,USA
631,5632.0,Eva,Brown,Spain
632,5633.0,Charlie,Jones,Canada
633,5634.0,Alice,Williams,Germany
634,5635.0,David,Wilson,Spain
635,5636.0,Helen,Smith,Mexico
636,5637.0,Charlie,Miller,India
637,5638.0,Jack,Miller,India
638,5639.0,Bob,Martinez,Spain
639,5640.0,Ivy,Jones,Germany
640,5641.0,Jack,Jones,India
641,5642.0,Eva,Martinez,India
642,5643.0,Grace,Jones,Mexico
643,5644.0,Bob,Miller,USA
644,5645.0,Ivy,Garcia,Germany
645,5646.0,Ivy,Johnson,Germany
646,5647.0,David,Miller,Australia
647,5648.0,David,Smith,Australia
648,5649.0,Frank,Brown,India
649,5650.0,Jack,Martinez,France
650,5651.0,Jack,Williams,12345
651,5652.0,Jack,Wilson,India
652,5653.0,Frank,Williams,Brazil
653,5654.0,Alice,Miller,UK
654,5655.0,Ivy,Smith,UK
655,5656.0,Bob,Miller,Germany
656,5657.0,Eva,Brown,France
657,5658.0,Ivy,Garcia,Mexico
658,5659.0,David,Wilson,USA
659,5660.0,Charlie,Brown,Australia
660,5661.0,Grace,Martinez,Brazil
661,5662.0,Frank,Martinez,India
662,5663.0,Helen,Miller,France
663,5664.0,Charlie,Smith,Germany
664,5665.0,Eva,Brown,Australia
665,5666.0,Jack,Davis,France
666,5667.0,David,Smith,Australia
667,5668.0,David,Garcia,USA
668,5669.0,David,Martinez,USA
669,5670.0,Jack,Miller,Mexico
670,5671.0,Helen,Jones,UK
671,5672.0,Frank,Martinez,Canada
672,5673.0,Charlie,Wilson,Canada
673,5674.0,Jack,Johnson,Australia
674,5675.0,Eva,Jones,Mexico
675,5676.0,Frank,Miller,Canada
676,5677.0,Eva,Davis,Germany
677,5678.0,Frank,Jones,Canada
678,5679.0,Helen,Wilson,Spain
679,5680.0,Grace,Smith,India
680,5681.0,Eva,Davis,Mexico
681,5682.0,Jack,Martinez,Germany
682,5683.0,Frank,Davis,France
683,5684.0,David,Brown,Germany
684,5685.0,Ivy,Wilson,UK
685,5686.0,David,Jones,France
686,5687.0,Alice,Brown,Brazil
687,5688.0,Grace,Davis,India
688,5689.0,Grace,Brown,India
689,5690.0,David,Williams,India
690,5691.0,Charlie,Wilson,India
691,5692.0,Helen,Garcia,Australia
692,5693.0,Eva,Smith,India
693,5694.0,Jack,Davis,India
694,5695.0,Grace,Wilson,India
695,5696.0,David,Garcia,Mexico
696,5697.0,David,Garcia,Australia
697,5698.0,Helen,Miller,USA
698,5699.0,Helen,Brown,Germany
699,5700.0,Bob,Garcia,Germany
700,5701.0,Bob,Williams,France
701,5702.0,Charlie,Wilson,Mexico
702,5703.0,Charlie,Johnson,Spain
703,5704.0,Alice,Johnson,Germany
704,5705.0,Charlie,Davis,Canada
705,5706.0,Frank,Martinez,Spain
706,5707.0,Helen,Brown,India
707,5708.0,Jack,Martinez,India
708,5709.0,Frank,Garcia,Australia
709,5710.0,Eva,Wilson,Spain
710,5711.0,David,Davis,Canada
711,5712.0,Charlie,Jones,Australia
712,5713.0,David,Garcia,France
713,5714.0,Grace,Brown,Spain
714,5715.0,Alice,Johnson,Mexico
715,5716.0,Grace,Miller,India
716,5717.0,Alice,Wilson,India
717,5718.0,Bob,Smith,UK
718,5719.0,David,Martinez,Australia
719,5720.0,Alice,Davis,USA
720,5722.0,Ivy,Martinez,USA
721,5722.0,Frank,Wilson,Australia
722,5723.0,Alice,Martinez,Mexico
723,5724.0,Alice,Wilson,Brazil
724,5725.0,Frank,Martinez,Australia
725,5726.0,David,Williams,Mexico
726,5727.0,David,Jones,France
727,5728.0,Frank,Garcia,India
728,5729.0,Grace,Garcia,Canada
729,5730.0,Ivy,Brown,Brazil
730,5731.0,Jack,Smith,Spain
731,5732.0,Eva,Smith,Brazil
732,5733.0,Ivy,Brown,Canada
733,5734.0,David,Miller,UK
734,5735.0,Jack,Garcia,India
735,5736.0,Bob,Miller,USA
736,5737.0,Charlie,Wilson,Mexico
737,5738.0,Alice,Wilson,Australia
738,5739.0,Frank,Johnson,Australia
739,5740.0,Frank,Martinez,USA
740,5741.0,Alice,Smith,Brazil
741,5742.0,Charlie,Johnson,India
742,5743.0,Eva,Jones,Germany
743,5744.0,Charlie,Brown,Mexico
744,5745.0,Jack,Brown,France
745,5746.0,Charlie,Wilson,Canada
746,5747.0,Jack,Garcia,Brazil
747,5748.0,Charlie,Miller,Spain
748,5749.0,Eva,Smith,UK
749,5750.0,Eva,Johnson,Australia
750,5751.0,David,Miller,Brazil
751,5752.0,Alice,Johnson,UK
752,5753.0,Eva,Martinez,Canada
753,5754.0,Jack,Jones,Australia
754,5755.0,Eva,Jones,Australia
755,5756.0,David,Miller,Germany
756,5757.0,Frank,Miller,Brazil
757,5758.0,Jack,Miller,India
758,5759.0,David,Johnson,USA
759,5760.0,Grace,Martinez,USA
760,5761.0,Grace,Williams,France
761,5762.0,Bob,Miller,Spain
762,5763.0,Charlie,Garcia,UK
763,5764.0,Alice,Smith,Brazil
764,5765.0,Helen,Smith,Mexico
765,5766.0,Ivy,Johnson,Spain
766,5767.0,David,Miller,Germany
767,5768.0,Frank,Wilson,Australia
768,5769.0,Ivy,Brown,India
769,5770.0,Frank,Williams,Brazil
770,5771.0,Ivy,Garcia,12345
771,5772.0,David,Martinez,Spain
772,5773.0,Helen,Wilson,India
773,5774.0,Ivy,Jones,France
774,5775.0,David,Wilson,UK
775,5776.0,Eva,Johnson,UK
776,5777.0,Helen,Williams,Spain
777,5778.0,Jack,Davis,Canada
778,5779.0,Frank,Davis,Spain
779,5780.0,Grace,Miller,Spain
780,5781.0,Charlie,Miller,India
781,5782.0,Grace,Johnson,Australia
782,5783.0,Helen,Martinez,India
783,5784.0,Jack,Miller,Brazil
784,5785.0,Frank,Brown,Spain
785,5786.0,Jack,Williams,UK
786,5787.0,Ivy,Johnson,Mexico
787,5788.0,Frank,Smith,UK
788,5789.0,Ivy,Jones,USA
789,5790.0,David,Johnson,France
790,5791.0,Helen,Johnson,Germany
791,5792.0,David,Davis,Brazil
792,5793.0,Bob,Garcia,Brazil
793,5794.0,Jack,Martinez,France
794,5795.0,Ivy,Garcia,Mexico
795,5796.0,Eva,Brown,Germany
796,5797.0,David,Smith,Australia
797,5798.0,Bob,Davis,Spain
798,5799.0,Alice,Smith,Germany
799,5800.0,Grace,Brown,Mexico
800,5801.0,Frank,Garcia,Canada
801,5802.0,Bob,Johnson,USA
802,5803.0,Helen,Miller,Germany
803,5804.0,David,Miller,Germany
804,5805.0,Helen,Wilson,USA
805,5806.0,Grace,Jones,Spain
806,5807.0,Eva,Martinez,Germany
807,5808.0,Jack,Brown,USA
808,5809.0,Jack,Jones,USA
809,5810.0,Helen,Martinez,USA
810,5811.0,Ivy,Jones,India
811,5812.0,Eva,Garcia,Mexico
812,5813.0,Jack,Martinez,India
813,5814.0,Eva,Garcia,Canada
814,5815.0,Bob,Johnson,Australia
815,5816.0,Eva,Davis,India
816,5817.0,Charlie,Garcia,India
817,5818.0,Grace,Miller,Mexico
818,5819.0,Jack,Jones,Australia
819,5820.0,Eva,Wilson,France
820,5821.0,Helen,Williams,USA
821,5822.0,Alice,Martinez,Brazil
822,5823.0,Charlie,Brown,Australia
823,5824.0,Charlie,Wilson,Canada
824,5825.0,Ivy,Miller,Spain
825,5826.0,Eva,Garcia,Canada
826,5827.0,Ivy,Davis,USA
827,5828.0,Ivy,Johnson,Australia
828,5829.0,Alice,Williams,Canada
829,5830.0,Bob,Smith,Canada
830,5831.0,Eva,Wilson,France
831,5832.0,David,Davis,France
832,5833.0,Jack,Smith,Australia
833,5834.0,Ivy,Williams,USA
834,5835.0,Grace,Brown,India
835,5836.0,Frank,Brown,UK
836,5837.0,Grace,Jones,Germany
837,5838.0,Alice,Williams,Brazil
838,5839.0,Alice,Williams,Germany
839,5840.0,Helen,Smith,Mexico
840,5842.0,Bob,Davis,France
841,5842.0,Jack,Martinez,Australia
842,5843.0,Ivy,Smith,Germany
843,5844.0,Grace,Johnson,USA
844,5845.0,Frank,Brown,Brazil
845,5846.0,Alice,Brown,Germany
846,5847.0,Alice,Jones,Brazil
847,5848.0,Bob,Johnson,Spain
848,5849.0,Frank,Brown,USA
849,5850.0,Frank,Smith,UK
850,5851.0,Bob,Johnson,Canada
851,5852.0,Alice,Smith,Brazil
852,5853.0,Jack,Martinez,USA
853,5854.0,Eva,Martinez,Brazil
854,5855.0,Eva,Brown,Brazil
855,5856.0,Bob,Brown,India
856,5857.0,Frank,Davis,India
857,5858.0,Ivy,Martinez,USA
858,5859.0,Bob,Wilson,India
859,5860.0,Jack,Wilson,Mexico
860,5861.0,Bob,Jones,UK
861,5862.0,Charlie,Martinez,Australia
862,5863.0,Grace,Smith,USA
863,5864.0,Frank,Smith,USA
864,5865.0,Helen,Miller,Mexico
865,5866.0,Helen,Johnson,France
866,5867.0,Frank,Garcia,France
867,5868.0,Jack,Wilson,India
868,5869.0,Charlie,Brown,Australia
869,5870.0,Charlie,Jones,India
870,5871.0,Alice,Garcia,Spain
871,5872.0,Grace,Williams,Spain
872,5873.0,Eva,Jones,Canada
873,5874.0,David,Williams,Spain
874,5875.0,Jack,Martinez,France
875,5876.0,David,Williams,UK
876,5877.0,David,Williams,Spain
877,5878.0,Frank,Davis,India
878,5879.0,Helen,Davis,Brazil
879,5880.0,Helen,Davis,USA
880,5881.0,Eva,Martinez,UK
881,5882.0,Frank,Garcia,UK
882,5883.0,David,Jones,India
883,5884.0,Ivy,Jones,USA
884,5885.0,Helen,Brown,France
885,5886.0,Jack,Davis,UK
886,5887.0,Jack,Martinez,Canada
887,5888.0,Alice,Brown,India
888,5889.0,Bob,Johnson,UK
889,5890.0,Ivy,Brown,Australia
890,5891.0,Helen,Garcia,12345
891,5892.0,Charlie,Wilson,Spain
892,5893.0,Helen,Williams,UK
893,5894.0,Alice,Davis,India
894,5895.0,Jack,Wilson,Spain
895,5896.0,David,Brown,Canada
896,5897.0,Charlie,Martinez,Spain
897,5898.0,Frank,Williams,Australia
898,5899.0,Grace,Jones,France
899,5900.0,David,Smith,UK
900,5901.0,Grace,Williams,Germany
901,5902.0,Ivy,Garcia,Germany
902,5903.0,Bob,Garcia,Spain
903,5904.0,Charlie,Brown,Mexico
904,5905.0,Eva,Johnson,USA
905,5906.0,Charlie,Garcia,Germany
906,5907.0,Helen,Garcia,Mexico
907,5908.0,Jack,Martinez,Germany
908,5909.0,Helen,Brown,Mexico
909,5910.0,Helen,Williams,USA
910,5911.0,Ivy,Johnson,Brazil
911,5912.0,David,Wilson,Germany
912,5913.0,Eva,Smith,Australia
913,5914.0,Eva,Davis,UK
914,5915.0,Helen,Jones,Mexico
915,5916.0,Grace,Garcia,UK
916,5917.0,Ivy,Brown,India
917,5918.0,Helen,Davis,India
918,5919.0,Bob,Jones,USA
919,5920.0,Jack,Jones,Mexico
920,5921.0,David,Wilson,Canada
921,5922.0,Frank,Wilson,India
922,5923.0,Bob,Wilson,USA
923,5924.0,Grace,Miller,India
924,5925.0,Charlie,Miller,India
925,5926.0,Charlie,Jones,Canada
926,5927.0,Bob,Wilson,Germany
927,5928.0,Helen,Martinez,Spain
928,5929.0,Frank,Garcia,Brazil
929,5930.0,Alice,Davis,India
930,5931.0,Alice,Davis,India
931,5932.0,Grace,Miller,Australia
932,5933.0,Helen,Jones,Brazil
933,5934.0,Eva,Brown,Canada
934,5935.0,Eva,Williams,UK
935,5936.0,David,Williams,Mexico
936,5937.0,Frank,Miller,India
937,5938.0,Frank,Brown,Spain
938,5939.0,Charlie,Miller,Mexico
939,5940.0,Ivy,Williams,Brazil
940,5941.0,Grace,Brown,Mexico
941,5942.0,Alice,Wilson,Germany
942,5943.0,Grace,Jones,India
943,5944.0,Eva,Davis,Mexico
944,5945.0,Eva,Martinez,UK
945,5946.0,Bob,Johnson,UK
946,5947.0,David,Jones,India
947,5948.0,Frank,Wilson,France
948,5949.0,Jack,Williams,UK
949,5950.0,Grace,Wilson,Mexico
950,5951.0,Eva,Miller,USA
951,5952.0,Ivy,Brown,UK
952,5953.0,Charlie,Davis,Brazil
953,5954.0,Alice,Garcia,France
954,5955.0,David,Miller,Mexico
955,5956.0,Ivy,Jones,Canada
956,5957.0,David,Miller,Australia
957,5958.0,Bob,Jones,Canada
958,5959.0,Jack,Garcia,Germany
959,5960.0,Eva,Smith,Australia
960,5962.0,Charlie,Davis,Germany
961,5962.0,Ivy,Martinez,Australia
962,5963.0,David,Martinez,Australia
963,5964.0,Frank,Johnson,USA
964,5965.0,Bob,Wilson,Spain
965,5966.0,Frank,Smith,Brazil
966,5967.0,Charlie,Martinez,Canada
967,5968.0,Ivy,Miller,UK
968,5969.0,Bob,Wilson,Mexico
969,5970.0,Ivy,Smith,France
970,5971.0,Eva,Brown,Brazil
971,5972.0,Helen,Brown,Germany
972,5973.0,Bob,Wilson,USA
973,5974.0,Frank,Jones,Germany
974,5975.0,Charlie,Jones,Spain
975,5976.0,Jack,Miller,France
976,5977.0,Eva,Smith,USA
977,5978.0,Helen,Smith,Germany
978,5979.0,Jack,Wilson,Spain
979,5980.0,Alice,Williams,Mexico
980,5981.0,Eva,Brown,Mexico
981,5982.0,Charlie,Smith,Germany
982,5983.0,David,Wilson,Brazil
983,5984.0,Bob,Garcia,France
984,5985.0,Ivy,Johnson,India
985,5986.0,Charlie,Garcia,Brazil
986,5987.0,Bob,Davis,Mexico
987,5988.0,Jack,Miller,France
988,5989.0,Ivy,Smith,Spain
989,5990.0,Grace,Davis,USA
990,5991.0,Frank,Martinez,Australia
991,5992.0,Alice,Davis,Germany
992,5993.0,Eva,Wilson,Canada
993,5994.0,Charlie,Smith,France
994,5995.0,Alice,Johnson,UK
995,5996.0,David,Wilson,Spain
996,5997.0,Bob,Wilson,India
997,5998.0,Bob,Miller,Australia
998,5999.0,Charlie,Miller,UK
999,6000.0,Helen,Brown,India
1010,,,,12345
